{"WorldData":{"PositionOnLevel":{"Level":"Main","Position":{"X":2.8630032539367677,"Y":0.2081000804901123,"Z":20.135395050048829}}}}